,success,reason,experiment,wall_time
0,True,success,mpich,9.0
1,True,success,mpich,8.0
2,True,success,mpich,8.0
3,True,success,mpich,9.0
4,True,success,mpich,9.0
5,True,success,mpich,9.0
6,True,success,mpich,9.0
7,True,success,mpich,9.0
8,True,success,mpich,9.0
9,True,success,mpich,8.0
10,True,success,mpich,8.0
11,True,success,mpich,9.0
12,True,success,mpich,9.0
13,True,success,mpich,9.0
14,True,success,mpich,8.0
15,True,success,mpich,8.0
16,True,success,mpich,9.0
17,True,success,mpich,9.0
18,True,success,mpich,9.0
19,True,success,mpich,9.0
20,True,success,mpich,8.0
21,True,success,mpich,9.0
22,True,success,mpich,9.0
23,True,success,mpich,9.0
24,True,success,mpich,9.0
25,True,success,mpich,9.0
26,True,success,mpich,9.0
27,True,success,platform-version,9.0
28,True,success,platform-version,9.0
29,True,success,platform-version,8.0
30,True,success,platform-version,8.0
31,True,success,platform-version,9.0
32,True,success,platform-version,9.0
33,True,success,platform-version,9.0
34,True,success,platform-version,8.0
35,False,missing gpu,platform-version,
36,True,success,platform-version,9.0
37,False,missing gpu,platform-version,
38,False,missing gpu,platform-version,
39,False,missing gpu,platform-version,
40,False,missing gpu,platform-version,
41,False,missing gpu,platform-version,
42,True,success,platform-version,9.0
43,False,missing gpu,platform-version,
44,False,missing gpu,platform-version,
45,True,success,platform-version,9.0
46,False,missing gpu,platform-version,
47,True,success,platform-version,9.0
48,True,success,platform-version,9.0
49,True,success,platform-version,9.0
50,True,success,platform-version,9.0
51,False,missing gpu,platform-version,
52,False,missing gpu,platform-version,
53,True,success,platform-version,8.0
54,False,missing gpu,platform-version,
55,False,missing gpu,platform-version,
56,False,missing gpu,platform-version,
57,True,success,basic,9.0
58,False,os abi issue,basic,
59,True,success,basic,9.0
60,False,missing gpu,basic,
61,False,os abi issue,basic,
62,False,os abi issue,basic,
63,False,os abi issue,basic,
64,True,success,basic,9.0
65,False,os abi issue,basic,
66,False,os abi issue,basic,
67,False,os abi issue,basic,
68,False,os abi issue,basic,
69,True,success,basic,9.0
70,True,success,basic,9.0
71,False,os abi issue,basic,
72,True,success,basic,9.0
73,True,success,basic,9.0
74,False,os abi issue,basic,
75,True,success,basic,8.0
76,False,os abi issue,basic,
77,False,missing gpu,basic,
78,False,os abi issue,basic,
79,False,os abi issue,basic,
80,True,success,basic,9.0
81,False,os abi issue,basic,
82,True,success,basic,9.0
83,False,os abi issue,basic,
84,False,missing gpu,basic,
85,False,os abi issue,basic,
86,True,success,basic,9.0
87,True,success,openmpi,9.0
88,True,success,openmpi,8.0
89,True,success,openmpi,9.0
90,True,success,openmpi,9.0
91,True,success,openmpi,9.0
92,True,success,openmpi,9.0
93,True,success,openmpi,9.0
94,True,success,openmpi,9.0
95,True,success,openmpi,9.0
96,True,success,openmpi,9.0
97,True,success,openmpi,9.0
98,True,success,openmpi,9.0
99,True,success,openmpi,8.0
100,True,success,openmpi,9.0
101,True,success,openmpi,9.0
102,True,success,openmpi,9.0
103,True,success,openmpi,9.0
104,True,success,openmpi,9.0
105,True,success,openmpi,9.0
106,True,success,openmpi,9.0
107,True,success,openmpi,9.0
108,True,success,openmpi,9.0
109,True,success,openmpi,9.0
110,True,success,openmpi,9.0
111,True,success,openmpi,9.0
112,True,success,openmpi,9.0
113,True,success,openmpi,9.0
114,True,success,openmpi,9.0
115,True,success,openmpi,9.0
116,True,success,openmpi,9.0
117,True,success,descriptive-basic,9.0
118,True,success,descriptive-basic,9.0
119,True,success,descriptive-basic,9.0
120,True,success,descriptive-basic,9.0
121,True,success,descriptive-basic,9.0
122,True,success,descriptive-basic,9.0
123,True,success,descriptive-basic,9.0
124,True,success,descriptive-basic,9.0
125,True,success,descriptive-basic,9.0
126,True,success,descriptive-basic,9.0
127,True,success,descriptive-basic,8.0
128,True,success,descriptive-basic,9.0
129,True,success,descriptive-basic,8.0
130,True,success,descriptive-basic,9.0
131,True,success,descriptive-basic,9.0
132,True,success,descriptive-basic,9.0
133,True,success,descriptive-basic,9.0
134,True,success,descriptive-basic,8.0
135,True,success,descriptive-basic,9.0
136,True,success,descriptive-basic,8.0
137,True,success,descriptive-basic,9.0
138,True,success,descriptive-basic,9.0
139,True,success,descriptive-basic,9.0
140,True,success,descriptive-basic,9.0
141,True,success,descriptive-basic,9.0
142,True,success,descriptive-basic,8.0
143,True,success,descriptive-basic,9.0
144,True,success,descriptive-basic,9.0
145,True,success,descriptive-basic,9.0
146,True,success,descriptive-basic,9.0
147,False,missing gpu,platform,
148,False,missing gpu,platform,
149,False,missing gpu,platform,
150,False,missing gpu,platform,
151,True,success,platform,9.0
152,False,missing gpu,platform,
153,False,os abi issue,platform,
154,False,missing gpu,platform,
155,False,os abi issue,platform,
156,False,missing gpu,platform,
157,False,missing gpu,platform,
158,False,missing gpu,platform,
159,True,success,platform,9.0
160,False,os abi issue,platform,
161,False,missing gpu,platform,
162,True,success,platform,9.0
163,False,missing gpu,platform,
164,True,success,platform,9.0
165,False,missing gpu,platform,
166,False,missing gpu,platform,
167,False,missing gpu,platform,
168,False,missing gpu,platform,
169,False,missing gpu,platform,
170,True,success,platform,9.0
171,True,success,platform,9.0
172,True,success,platform,8.0
173,False,missing gpu,platform,
174,False,missing gpu,platform,
175,True,success,platform,9.0
176,False,os abi issue,platform,
